Company,Product,TypeName,ScreenResolution,Cpu,Ram,Memory,Gpu,OpSys,Weight,Inches,Price_euros
0,0,0,0,0,0,0,0,0,0,13.3,1339.69
0,1,0,1,1,0,1,1,0,1,13.3,898.94
1,2,1,2,2,0,2,2,1,2,15.6,575.0
0,0,0,3,3,1,3,3,0,3,15.4,2537.45
0,0,0,0,4,0,2,4,0,0,13.3,1803.6
2,3,1,4,5,2,4,5,2,4,15.6,400.0
0,0,0,3,6,1,5,6,3,5,15.4,2139.97
0,1,0,1,1,0,5,1,0,1,13.3,1158.7
3,4,0,2,7,1,3,7,2,6,14.0,1495.0
2,5,0,5,8,0,2,8,2,7,14.0,770.0
1,2,1,4,2,2,4,2,1,2,15.6,393.9
1,2,1,2,9,2,4,9,1,2,15.6,344.99
0,0,0,3,10,1,2,10,0,3,15.4,2439.97
4,6,1,2,9,2,2,11,2,8,15.6,498.9
0,7,0,6,11,0,2,12,0,9,12.0,1262.4
0,0,0,0,0,0,2,0,0,0,13.3,1518.55
4,6,1,2,12,0,2,11,2,8,15.6,745.0
0,0,0,3,13,1,3,13,0,3,15.4,2858.0
5,8,1,2,14,0,6,14,1,8,15.6,499.0
4,9,0,7,8,0,0,8,2,10,13.3,979.0
3,10,2,4,15,3,7,15,2,11,11.6,191.9
5,11,3,5,16,0,8,16,2,12,15.6,999.0
1,12,1,4,17,2,4,17,1,2,15.6,258.0
4,13,4,8,8,0,2,8,2,13,13.3,819.0
1,14,0,2,7,0,2,2,2,14,15.6,659.0
4,6,1,4,9,2,6,9,2,15,15.6,418.64
0,15,0,1,18,0,1,1,3,16,13.3,1099.0
4,16,1,2,8,0,2,18,2,8,15.6,800.0
4,17,0,2,19,0,9,8,2,17,15.6,1298.0
1,18,1,2,8,0,6,19,2,12,17.3,896.0
6,19,1,2,20,2,10,20,2,18,15.6,244.99
3,20,1,4,21,3,7,17,2,19,14.0,199.0
1,21,1,2,22,2,4,18,2,20,17.3,439.0
4,9,0,9,7,1,3,8,2,21,13.3,1869.0
0,15,0,1,18,0,5,1,3,16,13.3,998.0
5,22,1,4,23,2,10,21,2,22,14.0,249.0
2,3,1,4,24,2,6,2,4,4,15.6,367.0
4,23,1,5,8,0,8,18,2,23,17.3,979.0
1,2,1,4,2,2,6,2,2,2,15.6,488.69
1,24,1,2,8,0,2,22,2,4,15.6,879.0
3,25,1,2,9,2,6,2,4,24,15.6,389.0
4,26,3,5,25,1,11,23,2,25,15.6,1499.0
3,27,1,4,2,0,6,14,4,15,15.6,522.99
2,28,1,5,8,2,2,8,2,8,15.6,682.0
4,29,4,8,8,4,6,24,2,26,17.3,999.0
0,0,0,0,26,0,2,25,0,0,13.3,1419.0
5,30,1,4,9,2,0,9,1,8,15.6,369.0
3,31,3,2,27,0,11,26,2,27,17.3,1299.0
4,6,1,2,2,2,2,11,2,15,15.6,639.0
3,32,1,4,28,2,6,27,2,23,17.3,466.0
5,33,4,10,29,2,10,15,5,28,10.1,319.0
2,28,1,5,7,0,2,7,2,8,15.6,841.0
1,12,1,2,22,2,2,28,2,2,15.6,398.49
1,34,1,2,7,0,3,8,2,29,13.3,1103.0
2,3,1,4,14,2,6,2,2,30,15.6,384.0
4,35,1,2,7,0,2,29,2,31,15.6,767.8
1,36,1,2,9,2,0,9,2,14,15.6,439.0
3,37,1,4,2,2,2,2,2,24,15.6,586.19
7,38,3,2,25,1,12,30,2,32,17.3,2449.0
3,39,1,2,9,2,2,9,4,24,15.6,415.0
4,23,1,2,7,1,12,18,2,23,17.3,1299.0
4,40,0,2,8,0,2,8,2,33,14.0,879.0
5,41,1,5,24,0,2,2,1,33,14.0,599.0
3,42,1,2,8,0,2,8,2,34,14.0,941.0
1,2,1,2,2,0,2,2,2,2,15.6,690.0
3,43,0,2,25,1,3,31,2,35,15.6,1983.0
1,2,1,4,9,2,4,29,2,2,15.6,438.69
1,44,1,4,30,2,13,15,2,22,14.0,229.0
5,45,1,2,2,2,6,2,2,36,15.6,549.0
3,46,3,2,25,4,6,31,4,37,17.3,949.0
8,47,0,11,2,2,0,2,6,38,13.5,1089.0
4,48,0,5,7,0,2,18,2,34,13.3,955.0
4,16,1,2,7,0,2,18,2,8,15.6,870.0
7,49,3,2,16,0,8,16,2,39,17.3,1095.0
2,50,1,4,9,0,6,9,2,4,14.0,389.0
3,51,3,2,25,0,6,16,2,8,15.6,949.0
5,52,1,2,2,0,14,2,1,8,15.6,519.0
4,16,1,2,7,0,8,8,2,40,15.6,855.0
2,53,1,2,24,2,6,32,2,8,15.6,530.0
1,18,1,2,8,0,8,19,2,12,17.3,977.0
4,17,0,5,8,0,2,8,2,17,15.6,1096.16
0,7,0,6,31,0,3,12,0,9,12.0,1510.0
1,54,1,2,8,0,2,2,2,41,14.0,860.0
5,55,1,2,22,2,0,33,2,8,15.6,399.0
2,3,1,4,5,2,6,5,2,4,15.6,395.0
4,26,3,5,25,1,8,31,2,25,15.6,1349.0
1,56,0,5,7,0,2,34,2,3,15.6,699.0
1,2,1,2,2,0,2,2,2,42,15.6,598.99
3,57,3,5,25,1,8,23,2,8,15.6,1449.0
4,9,0,5,7,0,2,8,2,43,13.3,1649.0
3,58,3,2,32,0,6,35,2,44,15.6,699.0
2,59,1,2,7,0,6,7,2,8,15.6,689.0
1,60,1,2,7,1,3,8,2,29,13.3,1197.0
4,26,3,2,16,0,2,23,2,25,15.6,1195.0
3,61,0,2,12,0,2,2,2,45,14.0,1049.0
2,62,4,7,8,0,2,8,2,46,13.3,847.0
4,6,1,2,12,0,6,11,4,8,15.6,599.9
4,6,1,2,9,2,2,11,4,8,15.6,485.0
3,63,1,2,14,5,2,36,2,24,15.6,577.0
1,64,3,5,25,4,8,16,2,47,15.6,1249.0
1,65,1,2,12,0,2,18,2,14,15.6,719.0
1,66,1,2,17,2,4,17,2,4,15.6,349.0
4,35,1,2,8,0,6,29,4,8,15.6,647.0
1,67,0,5,12,0,2,7,2,48,13.3,1119.0
8,47,0,11,2,0,2,2,6,38,13.5,1340.0
1,68,1,5,2,5,2,14,2,49,14.0,659.0
5,69,1,2,9,2,6,9,2,50,15.6,414.9
3,70,0,5,12,0,2,14,2,6,14.0,1193.0
7,71,3,2,25,1,11,31,2,8,15.6,1299.0
5,72,1,5,12,0,2,2,2,49,14.0,1480.0
3,73,0,2,7,1,11,7,2,46,15.6,1262.0
4,9,0,12,33,0,2,0,2,51,13.3,1379.0
5,74,4,7,2,0,2,2,2,0,13.3,1399.0
1,75,1,13,8,2,4,8,2,41,14.0,722.0
4,9,0,5,8,0,2,8,2,43,13.3,1629.0
1,76,4,7,8,0,2,8,2,52,13.3,1398.99
1,75,1,2,7,0,3,8,2,41,14.0,1084.0
4,77,1,5,7,0,11,14,2,53,15.6,1130.33
3,78,1,2,9,2,6,27,2,24,17.3,564.0
3,73,1,2,7,0,2,14,2,33,15.6,1118.0
2,79,1,7,14,5,6,2,2,4,15.6,479.0
7,80,3,2,25,1,12,30,2,35,15.6,2241.5
5,52,1,2,2,0,2,14,1,8,15.6,629.0
1,81,1,2,7,1,3,22,2,12,17.3,1271.0
2,3,1,4,5,2,2,5,2,4,15.6,451.0
1,2,1,4,30,2,4,15,1,2,15.6,259.0
1,75,1,2,8,0,6,8,2,41,14.0,812.0
3,82,1,4,34,2,15,17,6,19,14.0,277.99
4,23,1,2,7,1,12,18,2,23,17.3,1396.0
1,18,1,2,8,0,2,8,2,12,17.3,928.0
4,83,1,4,2,0,6,37,2,54,15.6,638.99
4,6,1,2,9,2,6,11,2,8,15.6,449.0
2,5,0,5,7,0,2,8,2,7,14.0,884.0
2,84,1,2,24,2,2,32,2,8,15.6,572.0
1,85,1,4,12,0,6,2,2,55,15.6,598.0
1,75,1,2,7,0,2,8,2,41,14.0,988.0
5,86,1,4,23,2,6,21,1,36,15.6,252.36
3,87,3,2,16,0,8,16,2,37,17.3,938.0
5,52,1,2,2,2,6,27,1,8,15.6,499.0
1,88,1,5,2,2,2,2,2,56,13.3,699.0
2,59,1,5,24,2,6,32,2,37,17.3,655.0
5,89,1,5,8,0,2,38,2,57,14.0,1116.02
5,11,3,5,25,0,2,39,1,30,15.6,869.0
9,90,1,4,35,2,4,9,2,4,15.6,602.0
1,12,1,4,22,2,2,28,2,2,15.6,369.0
3,91,0,2,7,0,2,8,2,45,14.0,1099.0
1,92,0,14,36,0,3,40,2,58,12.5,2014.0
3,93,1,2,23,2,6,21,2,24,15.6,344.0
7,94,3,2,25,1,11,30,2,59,17.3,2029.0
2,95,1,4,9,2,6,9,2,4,15.6,447.0
4,96,3,2,25,1,3,16,2,60,15.6,1249.26
4,97,3,2,25,0,16,16,2,47,15.6,899.0
5,98,1,4,2,2,0,2,2,36,15.6,498.0
7,99,3,2,25,1,11,23,2,23,17.3,1890.0
1,100,0,2,37,2,2,2,2,61,14.0,1082.0
1,101,1,2,8,5,2,29,2,14,15.6,619.0
5,102,4,7,14,2,2,2,2,62,14.0,629.0
3,103,4,8,8,0,2,2,2,63,13.3,1315.0
4,104,4,8,7,0,2,8,2,64,15.6,1049.0
9,90,1,4,38,2,4,9,2,4,15.6,447.0
3,105,1,4,5,2,6,41,2,65,15.6,403.0
2,106,1,5,8,2,2,7,2,37,17.3,805.0
4,35,1,2,8,0,2,29,2,31,15.6,728.0
5,11,3,5,25,1,2,31,2,12,15.6,1079.0
2,107,1,4,23,2,6,21,2,4,15.6,348.0
7,108,3,5,25,1,11,23,2,30,15.6,1799.0
2,3,1,4,28,2,6,42,2,4,15.6,363.51
4,96,3,2,25,0,8,16,2,60,15.6,1060.49
2,106,1,5,8,0,2,7,2,37,17.3,854.0
1,34,1,5,8,2,4,8,2,29,13.3,754.0
10,109,0,15,2,0,2,2,2,66,13.0,1349.0
1,110,1,5,2,5,14,29,2,20,17.3,699.0
5,55,1,4,39,2,4,28,1,8,15.6,309.0
9,90,1,4,14,2,4,2,2,24,15.6,489.0
1,18,1,2,8,0,2,19,2,12,17.3,923.0
4,6,1,4,14,0,6,2,2,15,15.6,459.0
2,95,1,4,9,2,0,9,2,4,15.6,449.0
7,111,3,2,40,6,17,43,2,67,18.4,2799.0
5,112,1,2,2,0,8,44,2,68,15.6,813.0
1,76,4,14,8,0,2,8,2,69,13.3,1499.0
4,16,1,2,7,1,12,18,4,40,15.6,1049.0
4,9,0,2,8,0,2,8,2,51,13.3,1399.0
5,113,4,14,7,1,3,8,2,34,13.9,1849.0
9,90,1,4,2,0,0,2,2,70,15.6,793.0
11,114,1,5,8,0,2,7,1,71,15.6,1199.0
4,29,1,8,7,1,3,24,2,26,17.3,1549.0
4,115,1,16,25,1,3,16,2,72,15.6,2397.0
5,11,3,5,16,0,2,16,1,30,15.6,779.0
2,116,0,5,41,0,2,12,2,73,13.3,989.0
4,23,1,2,7,0,8,18,2,23,17.3,1085.0
5,117,4,17,12,1,18,2,2,74,14.0,2824.0
12,118,1,5,23,2,7,21,2,6,14.0,260.0
11,114,0,5,2,0,2,7,1,6,13.3,999.9
5,119,1,18,8,0,2,7,1,23,17.3,698.0
4,13,4,7,7,0,6,8,2,13,13.3,839.0
1,18,1,5,8,0,6,19,2,12,17.3,914.0
13,120,3,16,42,6,18,45,2,75,17.3,6099.0
1,34,1,2,8,0,3,8,2,29,13.3,959.0
1,121,3,5,25,1,11,16,2,76,17.3,1379.0
1,81,1,2,7,0,2,22,2,12,17.3,1045.0
4,26,3,19,25,1,17,23,2,25,15.6,1845.0
5,122,1,4,35,2,0,9,2,4,15.6,493.0
2,123,1,2,12,0,6,14,2,77,15.6,742.0
5,124,3,5,25,1,17,23,2,27,15.6,1749.0
4,125,5,20,43,1,11,46,2,23,15.6,3055.0
5,11,3,2,25,1,3,23,1,30,15.6,1398.0
4,6,1,21,14,5,6,2,2,15,15.6,439.0
4,9,0,14,7,0,2,8,2,43,13.3,1949.0
4,9,0,2,7,0,2,8,2,21,13.3,1449.0
5,52,1,4,2,0,2,2,2,8,15.6,597.0
2,126,1,2,25,0,6,16,4,30,15.6,779.0
3,127,3,2,25,1,11,16,2,59,17.3,1407.0
1,128,1,2,9,2,4,9,1,4,15.6,349.0
5,52,1,2,2,0,2,2,1,8,15.6,549.0
10,109,0,15,12,0,3,2,2,66,13.0,1499.0
4,48,0,5,7,0,2,18,2,34,13.3,931.88
5,129,1,18,2,0,6,34,1,23,17.3,589.0
1,75,1,2,7,0,2,19,2,41,14.0,1031.0
4,130,0,2,8,0,2,8,2,7,14.0,1149.0
4,13,4,8,7,1,3,8,2,13,13.3,1279.0
4,35,1,2,8,0,2,29,4,8,15.6,677.35
5,102,4,5,8,0,2,8,2,62,14.0,899.0
9,131,0,2,44,0,2,9,2,21,13.3,1363.0
1,24,1,2,8,0,6,8,2,4,15.6,794.0
4,132,3,5,25,1,11,23,2,78,17.3,2456.34
2,123,1,2,12,0,2,14,2,8,15.6,832.0
4,83,1,8,12,1,6,37,2,15,15.6,859.01
3,133,1,2,2,0,2,47,2,24,15.6,769.0
3,134,1,2,2,0,19,48,2,79,17.3,891.0
1,135,1,2,12,0,6,49,2,36,15.6,1269.0
3,136,1,4,14,2,6,2,2,80,15.6,398.99
1,137,1,4,45,2,4,17,2,4,15.6,330.0
5,124,3,5,25,1,11,23,2,27,15.6,1499.0
4,138,1,2,2,0,2,2,2,7,14.0,859.0
2,139,4,7,35,0,2,9,2,7,13.3,689.0
4,83,1,2,12,1,2,37,4,54,15.6,899.0
2,95,1,4,9,2,6,9,4,4,15.6,390.0
3,140,1,2,46,2,8,11,2,8,15.6,575.0
3,141,3,2,42,6,17,45,2,81,17.3,3890.0
2,142,3,5,16,0,2,16,2,12,15.6,846.0
5,30,1,4,9,0,0,9,2,8,15.6,589.0
3,143,1,2,7,0,8,24,2,4,17.3,1145.0
3,144,1,2,12,0,8,48,1,79,17.3,889.0
4,96,3,2,16,0,2,16,2,60,15.6,879.0
5,145,4,7,12,0,2,2,2,48,13.9,1079.0
4,16,1,2,7,0,20,18,2,8,15.6,985.0
1,146,1,21,2,0,6,2,2,5,15.6,559.0
3,147,3,2,42,1,2,45,2,82,17.3,2999.0
1,34,1,5,8,2,4,8,2,29,13.3,675.0
0,0,0,0,4,0,3,4,0,0,13.3,2040.0
4,104,4,7,7,0,6,8,2,83,15.6,819.0
3,148,3,2,25,1,11,50,2,84,17.3,1799.0
3,149,1,4,5,2,6,41,2,85,15.6,469.0
5,113,4,7,7,0,3,8,2,0,13.9,1849.0
2,59,1,5,24,2,2,32,2,37,17.3,702.0
4,150,0,2,8,0,2,8,2,86,13.3,949.0
1,151,1,4,47,0,0,28,2,14,15.6,445.9
1,152,1,5,7,1,6,7,2,59,17.3,1059.0
7,153,3,2,25,1,17,30,2,87,17.3,2499.0
5,154,4,7,25,0,3,39,2,24,15.6,1699.0
4,23,1,2,7,0,8,18,2,23,17.3,1142.0
5,30,1,2,9,2,2,9,1,8,15.6,444.0
1,24,1,5,8,2,4,2,2,4,15.6,722.0
4,155,1,2,2,2,6,2,2,88,15.6,657.0
4,6,1,2,2,0,6,11,2,89,15.6,565.0
4,104,4,8,8,0,2,8,2,90,15.6,799.0
3,103,4,8,7,0,21,8,2,63,13.3,1499.0
5,52,1,2,2,2,6,2,1,8,15.6,467.0
1,81,1,2,7,0,6,22,2,12,17.3,1018.0
5,156,1,2,7,0,2,8,2,55,15.6,880.0
0,0,0,0,48,0,3,51,0,0,13.3,1958.9
3,31,3,2,27,1,11,26,2,27,17.3,1549.0
4,35,1,2,7,0,2,29,4,91,15.6,735.07
5,157,4,17,49,1,3,9,2,92,14.0,2499.0
9,90,1,4,44,0,4,52,2,8,15.6,812.0
4,83,1,4,12,4,6,2,2,15,15.6,713.07
4,23,1,2,7,0,8,18,4,23,17.3,1099.0
2,28,1,5,7,0,6,32,2,8,15.6,745.0
5,158,1,18,9,2,6,9,2,23,17.3,489.0
5,119,1,2,7,0,14,7,1,23,17.3,849.0
5,129,1,18,12,5,8,14,2,23,17.3,859.0
4,6,1,2,50,2,6,11,4,93,15.6,428.0
5,11,3,5,16,0,2,16,2,12,15.6,829.0
5,159,1,2,2,5,2,2,2,8,15.6,579.0
2,106,1,5,7,0,2,7,2,37,15.6,951.0
2,160,1,7,12,4,6,2,2,94,15.6,659.0
5,161,1,5,12,0,2,53,2,71,15.6,1097.0
3,73,0,2,2,0,2,14,2,33,15.6,977.0
5,11,3,5,25,1,11,31,2,12,15.6,1179.0
5,8,1,2,12,0,6,14,1,8,15.6,659.01
2,162,1,4,51,3,22,20,7,95,15.6,199.0
3,163,3,2,25,0,6,16,2,37,17.3,1187.0
1,164,1,18,9,0,6,9,2,96,17.3,489.0
4,115,1,2,25,0,2,16,2,24,15.6,1829.0
5,165,1,2,8,0,2,8,2,55,15.6,739.0
5,124,3,5,25,0,6,23,2,27,15.6,1299.0
2,166,1,2,25,0,2,31,4,12,15.6,979.0
4,167,5,2,52,1,2,46,2,97,17.3,2884.86
5,168,1,2,53,5,6,54,2,30,15.6,499.0
3,169,0,2,12,1,3,14,2,41,15.6,1468.0
3,170,1,4,14,2,0,2,2,6,14.0,509.0
3,171,3,2,25,1,11,30,2,59,17.3,2122.0
5,129,1,18,2,5,6,55,2,23,17.3,649.0
5,52,1,4,2,0,14,14,1,8,15.6,549.0
3,172,3,2,25,0,8,31,2,12,15.6,1265.0
5,173,1,4,28,2,6,42,1,8,15.6,359.99
1,174,4,8,54,1,2,2,2,98,13.3,1975.0
9,90,1,5,44,0,2,52,2,8,15.6,1043.0
5,8,1,2,2,0,8,14,2,15,15.6,819.0
1,2,1,2,9,2,6,9,2,2,15.6,469.0
5,175,1,5,2,0,2,2,2,63,13.3,999.0
4,9,0,14,7,1,18,8,2,43,13.3,2499.0
7,176,3,5,25,1,11,30,2,23,15.6,2099.0
2,177,1,2,55,0,2,5,2,77,15.6,469.0
3,178,4,21,23,3,7,21,2,63,11.6,275.0
4,16,1,2,8,0,8,18,2,99,15.6,844.0
1,76,4,14,7,1,18,8,2,69,13.3,2449.0
5,179,1,4,56,2,23,56,7,100,13.3,459.9
1,180,1,2,2,0,2,2,2,71,14.0,980.0
2,181,1,4,57,2,1,57,2,34,11.6,485.0
1,182,1,2,12,0,2,2,2,61,14.0,1292.0
5,129,1,18,2,2,6,27,2,101,17.3,589.0
3,183,1,2,12,0,2,2,2,24,14.0,1094.0
1,24,1,22,7,0,6,8,2,4,15.6,902.0
2,59,1,4,58,0,2,58,2,8,15.6,659.0
5,22,1,4,23,2,7,21,2,22,14.0,292.0
2,184,1,4,2,5,6,2,2,77,15.6,549.0
3,73,0,2,12,0,2,14,2,33,15.6,1049.9
1,185,0,2,12,0,2,2,2,52,12.5,1335.0
4,115,1,16,25,6,18,16,2,72,15.6,2639.0
7,186,3,2,25,0,11,31,2,39,17.3,1199.0
9,90,1,5,2,0,2,2,2,70,15.6,943.0
3,187,1,2,12,0,11,2,2,24,14.0,1334.0
5,188,1,2,9,2,6,9,2,50,15.6,449.0
3,189,3,2,25,0,2,16,2,12,15.6,999.0
1,100,1,2,59,0,2,2,2,61,14.0,1268.0
4,77,0,5,8,0,8,14,2,36,15.6,1049.0
1,190,1,2,2,0,2,2,2,102,15.6,1144.0
3,191,1,4,23,2,6,21,4,24,15.6,274.99
4,77,1,2,8,0,2,14,2,24,15.6,1142.75
4,192,1,4,30,2,4,20,4,8,15.6,274.9
5,193,1,2,60,4,14,18,2,8,15.6,899.0
1,24,1,5,14,0,6,22,2,4,15.6,716.0
5,113,4,14,7,1,3,8,2,34,13.9,2099.0
4,9,0,2,7,0,2,8,2,21,13.3,1579.0
5,11,3,5,25,1,12,31,2,30,15.6,1129.0
1,194,1,4,30,3,7,15,2,22,14.0,279.0
4,17,0,2,19,1,24,8,2,17,15.6,1607.96
3,178,4,21,23,2,7,21,2,46,11.6,375.0
4,16,0,2,8,0,6,18,2,36,15.6,663.0
4,115,1,16,25,1,3,16,2,72,15.6,2027.42
1,190,1,2,12,0,2,2,2,102,15.6,1304.0
7,195,3,2,25,0,8,23,2,39,17.3,1409.0
1,196,5,2,25,0,2,46,2,103,15.6,1738.27
9,197,1,5,44,1,3,52,2,30,15.6,1403.0
4,16,1,2,7,0,20,18,2,40,15.6,970.9
5,173,1,4,23,2,6,21,1,8,15.6,321.99
4,26,3,2,16,0,6,16,2,25,15.6,999.0
4,6,1,21,2,0,14,2,2,54,15.6,557.37
4,198,1,2,59,0,2,2,2,92,14.0,1427.0
1,2,1,4,9,2,4,9,2,2,15.6,439.0
3,199,1,2,2,0,2,2,2,24,14.0,945.0
5,129,1,18,2,5,8,34,2,23,17.3,719.0
1,2,1,2,2,0,6,2,2,2,15.6,639.0
5,30,1,4,9,0,2,47,1,8,15.6,499.0
1,200,1,4,57,0,14,57,2,5,15.6,389.0
4,23,1,2,8,0,8,18,2,23,17.3,1085.0
5,11,3,5,16,0,8,16,1,30,15.6,809.0
4,83,1,2,12,0,2,37,2,99,15.6,899.0
1,201,0,5,12,0,2,2,2,92,14.0,1750.0
3,103,4,8,12,4,25,59,2,104,15.6,1099.0
2,3,1,4,5,2,0,5,2,4,15.6,426.0
3,31,3,5,27,1,11,26,2,105,17.3,2199.0
5,202,1,18,55,2,0,5,2,103,17.3,489.0
4,13,4,8,7,0,2,8,2,13,13.3,869.01
1,203,1,2,5,2,2,5,2,14,15.6,488.99
5,204,2,13,61,2,0,21,2,106,11.6,553.0
4,192,1,4,62,2,4,15,2,35,15.6,309.0
3,205,1,4,23,2,7,21,2,46,14.0,286.0
2,126,1,2,25,0,6,16,4,30,15.6,846.0
1,206,3,5,25,0,8,16,2,76,17.3,1191.0
5,207,1,2,9,2,0,9,1,50,15.6,403.5
3,208,3,5,25,0,8,23,2,15,15.6,1655.0
5,209,1,5,2,0,2,14,2,46,14.0,1099.0
3,210,0,8,12,1,3,2,2,63,13.3,1748.9
5,211,0,23,12,0,3,2,2,107,14.0,2282.0
5,212,1,5,14,2,0,2,2,46,13.3,549.0
4,213,5,2,63,0,4,60,2,77,15.6,1369.0
4,214,5,5,64,0,2,46,2,24,15.6,2135.0
5,157,4,17,12,1,3,2,2,74,14.0,2509.0
3,215,3,2,25,0,6,16,2,37,17.3,1039.0
3,216,3,2,25,1,11,31,2,37,17.3,1591.0
2,59,1,13,8,4,6,32,2,8,15.6,693.99
7,217,3,2,25,0,2,31,2,39,17.3,1349.0
4,83,1,2,12,0,2,37,4,99,15.6,778.87
1,218,0,2,5,2,2,29,2,14,15.6,499.0
5,219,1,5,7,0,2,38,2,4,15.6,1229.56
5,220,1,5,2,0,2,2,2,36,14.0,938.0
4,221,5,16,25,0,2,46,2,108,15.6,2712.0
5,211,0,23,12,1,18,2,2,107,14.0,2625.0
5,173,1,4,23,2,6,21,2,8,15.6,306.0
3,222,3,2,25,1,11,16,2,59,17.3,1529.0
5,219,1,5,8,0,11,38,2,4,15.6,1144.5
2,126,1,2,25,0,2,16,4,12,15.6,879.0
7,223,3,2,25,1,11,30,2,23,17.3,2249.0
3,224,0,2,12,0,3,2,2,109,14.0,1873.0
9,225,0,2,44,1,3,9,2,21,13.3,1747.0
4,198,0,2,54,0,3,20,2,92,14.0,1680.0
5,30,1,2,9,2,4,9,2,8,15.6,409.0
5,226,1,4,23,3,7,21,2,110,11.6,304.45
5,227,5,2,25,0,3,46,2,90,15.6,1925.0
5,228,0,24,25,0,3,59,2,33,14.0,1943.0
1,229,1,2,9,2,6,29,2,4,15.6,469.0
2,139,4,7,44,0,2,9,2,7,13.3,789.01
3,103,4,7,2,0,2,2,2,111,13.3,928.0
4,6,1,2,2,2,2,11,4,15,15.6,598.9
4,230,1,4,9,2,0,9,2,19,13.3,689.0
1,231,0,2,44,0,2,9,2,112,14.0,1500.0
4,6,1,4,2,0,6,2,2,91,15.6,539.95
5,89,0,5,7,0,2,38,2,57,14.0,1215.38
5,154,4,14,25,1,3,16,2,24,15.6,1899.0
6,232,1,25,61,5,10,21,2,34,12.3,449.0
1,233,1,2,52,0,2,53,2,113,15.6,1427.0
3,234,1,2,14,0,6,14,4,15,15.6,597.0
4,132,3,23,42,1,11,30,2,78,17.3,2799.0
4,26,3,5,25,0,8,31,2,47,15.6,1159.0
4,16,1,2,7,0,12,18,2,40,15.6,1142.4
4,235,0,2,54,0,2,2,4,7,14.0,1099.0
1,236,3,2,25,4,11,30,2,76,17.3,1999.0
14,237,4,7,23,2,13,21,2,114,11.6,299.0
15,238,2,4,30,2,23,15,7,110,11.6,269.0
5,239,1,5,12,0,2,2,2,34,13.3,1010.0
5,240,1,5,24,2,0,2,2,33,14.0,599.0
5,161,5,19,54,1,3,14,2,15,15.6,2445.0
5,241,1,2,52,1,3,61,2,12,15.6,2449.0
3,31,3,2,65,0,11,26,2,27,17.3,1695.0
1,242,1,4,30,2,4,15,2,4,15.6,347.0
16,243,0,26,66,1,3,12,7,63,12.3,2199.0
5,244,0,27,12,7,3,2,2,56,14.0,2382.0
3,37,1,2,2,2,2,2,4,24,15.6,559.0
5,55,1,18,22,0,6,62,2,23,17.3,519.0
4,16,1,2,8,2,2,18,2,8,15.6,749.0
5,245,0,5,2,0,2,2,2,92,12.5,1429.0
5,173,1,2,28,2,0,42,2,8,15.6,349.0
1,246,3,5,25,0,8,16,2,8,15.6,1099.0
4,235,1,2,67,0,2,19,2,115,14.0,1179.0
2,247,1,4,2,2,4,2,4,30,15.6,441.8
4,248,5,2,43,0,26,63,2,77,15.6,1993.0
7,249,3,2,16,0,2,16,2,8,15.6,1027.74
8,47,0,11,68,1,3,0,6,45,13.5,2589.0
1,250,1,4,2,0,0,2,2,14,15.6,589.0
4,248,5,5,64,1,2,63,2,116,15.6,1975.0
1,233,5,5,52,0,3,2,2,113,15.6,1534.0
5,251,1,2,2,0,2,2,2,19,14.0,1345.0
4,16,1,2,7,0,8,18,2,54,15.6,979.0
4,252,4,21,57,2,4,57,2,117,11.6,479.0
4,132,1,5,69,0,6,23,2,78,17.3,2046.0
8,47,0,11,70,2,0,12,6,38,13.5,989.0
8,47,0,11,68,0,2,0,6,45,13.5,1799.0
1,253,1,18,9,0,2,9,2,12,17.3,639.9
2,123,1,2,9,2,6,14,2,77,15.6,544.0
2,181,2,4,30,2,0,15,2,34,11.6,435.0
3,254,1,2,2,0,6,2,2,80,15.6,749.0
5,255,1,5,12,0,3,64,1,46,14.0,799.0
5,241,1,2,52,0,2,61,2,90,15.6,2090.0
3,256,1,4,28,2,4,21,2,24,15.6,304.0
2,59,1,4,9,2,4,34,2,8,15.6,469.0
4,16,1,2,8,0,14,18,2,40,15.6,759.0
1,257,3,5,25,4,6,23,2,118,17.3,1699.0
5,258,0,28,49,4,2,9,2,34,14.0,1858.0
1,76,4,14,7,0,3,8,2,69,13.3,1999.0
1,135,1,2,2,0,4,49,2,36,15.6,1154.0
16,243,0,26,71,0,0,12,7,63,12.3,1275.0
4,259,0,8,8,0,2,8,2,74,13.3,1841.85
3,43,1,19,72,4,8,65,2,72,15.6,1299.0
4,260,1,4,73,0,0,9,2,119,14.0,740.0
4,221,5,2,25,0,2,46,2,108,15.6,2408.0
5,72,1,2,2,0,27,2,2,33,14.0,1364.0
4,35,1,2,8,0,6,29,2,8,15.6,675.0
9,261,1,5,2,0,2,2,2,66,13.3,1672.0
4,77,1,5,7,0,3,14,2,53,15.6,1262.0
4,155,1,4,14,2,6,2,2,88,15.6,586.6
1,34,1,5,8,2,0,8,2,29,13.3,726.0
6,262,1,2,15,2,10,20,2,18,15.6,248.9
5,263,1,4,50,2,0,9,2,15,15.6,565.0
5,89,1,5,8,0,2,8,2,57,14.0,1049.0
4,248,5,5,64,1,3,63,2,116,15.6,2338.0
4,115,1,2,25,1,3,16,2,72,15.6,1899.0
5,264,0,5,12,1,3,2,2,92,12.5,1798.0
3,265,0,2,12,1,3,2,2,120,12.5,1950.0
5,266,1,5,2,0,2,14,2,15,15.6,1011.99
9,267,0,8,12,6,3,2,2,66,13.3,2799.0
3,143,3,2,25,0,8,16,2,121,15.6,1350.0
2,59,1,4,74,0,6,58,2,8,15.6,579.0
3,268,3,7,72,7,11,66,2,122,17.3,1269.0
5,269,0,13,35,0,27,9,2,6,12.5,1099.0
5,270,1,2,7,0,2,8,2,116,15.6,898.9
1,100,1,2,54,0,18,2,2,61,14.0,1749.0
5,179,1,5,14,0,2,2,2,34,13.3,949.0
5,271,1,5,2,0,2,2,2,15,15.6,911.0
3,272,2,4,23,2,10,21,6,21,11.6,340.0
1,273,1,4,2,0,2,29,2,14,15.6,618.99
5,113,4,7,8,0,2,8,2,34,13.9,1599.0
5,274,1,4,23,2,4,21,2,4,14.0,299.0
5,275,2,4,30,2,22,15,7,45,11.6,265.0
5,179,1,2,2,0,2,2,2,22,13.3,949.0
3,276,1,2,12,0,11,2,2,24,15.6,1224.0
2,277,1,5,8,2,6,7,2,8,15.6,613.0
1,278,0,5,12,0,3,2,2,1,13.3,1323.0
5,11,3,5,25,0,11,23,1,30,15.6,1149.0
4,9,0,7,2,0,0,2,2,69,13.3,899.0
2,28,1,2,12,2,4,14,2,8,15.6,639.0
4,279,1,2,2,0,6,2,2,88,15.6,836.0
4,16,1,2,7,1,12,18,2,8,15.6,1219.24
11,114,1,5,7,1,2,7,1,71,15.6,1399.95
3,280,2,4,23,3,7,21,2,63,11.6,245.0
1,281,1,21,8,2,6,8,2,5,15.6,521.47
3,282,3,2,25,7,3,67,2,89,15.6,2968.0
1,283,1,2,2,0,2,19,2,5,15.6,889.0
3,284,3,2,25,1,11,68,2,37,17.3,1504.0
5,124,3,5,25,0,11,23,2,27,15.6,1399.0
1,285,0,5,12,0,2,2,2,56,13.3,1399.0
4,235,1,2,59,0,2,2,2,115,14.0,1279.73
1,54,1,4,9,2,0,9,2,41,15.6,689.0
4,23,1,5,8,0,8,18,4,23,17.3,889.0
5,220,1,2,35,0,2,9,8,40,14.0,1340.0
5,8,1,2,12,2,6,27,2,8,15.6,799.0
5,30,1,4,9,0,14,47,1,8,15.6,459.0
4,6,1,2,2,2,4,11,2,15,15.6,585.0
4,286,1,2,67,0,2,2,2,36,15.6,1377.0
4,132,3,5,25,1,8,30,2,78,17.3,3012.77
9,90,1,5,2,0,4,2,2,70,15.6,860.0
3,287,1,19,12,0,11,69,2,24,15.6,1299.0
14,288,1,5,61,2,13,21,2,21,13.3,369.0
3,208,3,5,16,0,8,23,2,15,15.6,1649.0
4,286,1,2,54,0,2,19,2,123,15.6,1369.0
4,16,1,2,8,0,2,18,2,8,15.6,797.41
1,2,1,2,57,2,2,57,2,2,15.6,398.99
1,289,3,2,25,4,6,23,2,47,17.3,1799.0
5,290,1,5,12,0,2,14,2,124,14.0,859.0
4,9,0,12,7,0,2,8,2,21,13.3,1399.0
4,138,1,2,9,2,0,9,2,7,14.0,735.87
1,291,0,29,12,0,2,2,2,1,13.3,1145.0
2,126,3,2,16,0,6,16,4,30,15.6,798.0
3,292,1,4,75,2,4,70,2,24,15.6,349.0
1,24,1,2,14,2,0,2,2,4,15.6,705.5
5,293,1,2,2,2,4,2,2,124,14.0,785.0
5,294,1,2,35,2,6,9,1,94,15.6,462.35
1,2,1,2,9,2,4,9,2,2,15.6,397.0
5,295,1,5,12,0,3,2,2,121,15.6,1729.0
5,30,1,2,9,2,0,9,2,8,15.6,499.0
4,286,1,2,2,0,2,2,2,36,15.6,1116.99
4,132,3,5,25,1,11,30,2,78,17.3,2699.0
1,296,1,18,9,0,6,9,2,25,17.3,544.15
1,18,1,2,12,0,6,19,2,125,17.3,1280.0
3,297,1,4,23,2,4,21,4,24,15.6,224.0
14,298,1,5,15,2,7,20,2,16,13.3,255.0
5,129,1,18,12,5,8,14,2,23,17.3,949.0
1,299,1,5,46,5,0,18,2,14,15.6,568.9
4,155,1,4,9,2,6,41,2,88,15.6,617.9
2,300,4,7,76,2,7,21,2,45,11.6,349.0
5,301,1,2,24,2,0,2,2,55,15.6,630.0
1,302,0,30,36,1,3,40,2,114,13.3,1965.0
5,303,1,5,25,0,2,71,2,126,17.3,2999.0
3,304,1,2,16,0,8,16,2,12,15.6,839.0
4,9,0,14,8,0,0,8,2,43,13.3,1599.0
4,286,1,4,59,2,4,2,2,123,15.6,959.0
17,305,1,4,2,0,6,2,2,8,15.6,739.0
5,173,1,2,28,2,4,42,2,8,15.6,344.0
5,220,1,4,2,2,4,2,2,40,14.0,990.0
1,306,5,18,67,0,4,46,2,127,17.3,1860.99
1,307,1,4,57,0,14,57,2,128,14.0,389.0
1,308,1,5,77,5,2,18,2,71,15.6,649.0
5,266,1,2,2,0,2,2,2,15,15.6,830.0
5,309,1,2,8,2,4,2,2,55,15.6,685.0
14,310,1,2,15,2,13,20,2,34,14.0,249.0
9,311,0,8,12,1,3,2,2,129,14.0,1865.0
5,312,3,5,78,6,11,30,2,130,17.3,2663.0
7,313,3,2,42,1,17,30,2,87,17.3,2729.0
4,6,1,2,12,0,2,11,4,8,15.6,749.01
14,288,1,5,61,2,13,21,2,100,14.0,389.0
4,286,1,4,59,0,4,2,2,36,15.6,1008.52
1,34,1,2,14,2,0,2,2,29,13.3,719.0
4,286,1,2,54,1,2,19,2,123,15.6,1537.39
4,314,2,4,30,2,23,15,7,52,11.6,295.0
7,315,3,2,78,1,8,50,2,131,17.3,2349.0
1,316,3,5,25,1,11,16,2,118,17.3,1498.0
5,258,0,5,49,4,2,9,2,34,14.0,1673.0
5,317,1,21,7,4,6,2,2,8,15.6,609.0
3,208,3,5,16,0,8,23,2,132,17.3,1770.0
3,318,4,21,2,0,6,9,2,8,15.6,739.0
5,193,1,2,60,4,3,18,2,8,15.6,949.0
4,319,4,21,79,2,0,12,2,133,11.6,603.0
15,320,1,2,25,1,8,16,2,12,15.6,1699.0
5,321,1,2,9,2,4,9,1,23,17.3,529.0
5,322,1,4,73,0,6,9,2,134,15.6,459.0
5,74,4,7,12,0,3,2,2,0,13.3,2025.0
5,228,1,5,16,0,2,53,2,33,14.0,1474.0
4,323,4,8,2,0,2,2,2,1,12.5,1670.0
4,248,5,8,25,0,2,63,2,72,15.6,1763.0
1,324,1,2,12,0,2,2,2,102,15.6,1219.0
1,24,1,4,14,2,4,2,2,4,15.6,668.48
2,325,1,2,61,2,7,21,2,7,14.0,329.0
7,326,3,2,78,1,8,72,2,87,17.3,2199.0
4,155,1,4,9,2,6,41,4,88,15.6,465.0
7,327,3,20,25,1,12,23,2,35,15.6,2299.0
9,328,1,5,44,0,2,9,2,8,15.6,1399.0
5,329,1,2,2,5,6,2,2,30,15.6,564.0
5,154,4,7,25,0,2,53,2,24,15.6,1299.0
2,330,1,4,57,2,1,57,2,7,14.0,349.0
5,241,1,19,80,6,18,61,2,12,15.6,4899.0
4,331,3,2,72,1,6,73,2,135,15.6,879.01
4,155,1,4,50,2,6,9,4,88,15.6,443.9
4,6,1,4,50,2,6,9,4,93,15.6,359.0
4,286,1,4,59,2,4,2,4,123,15.6,869.0
3,332,3,2,25,0,8,16,2,37,17.3,1168.0
4,155,1,2,2,2,0,41,4,88,15.6,569.0
1,324,0,2,12,0,3,2,2,102,15.6,1389.0
7,333,3,2,25,1,11,30,2,136,15.6,2267.86
2,334,4,31,81,2,7,15,7,45,11.6,379.0
1,233,1,4,59,0,2,2,2,113,14.0,1124.0
5,251,1,2,35,0,2,9,8,19,14.0,1465.0
4,16,1,2,8,2,6,18,2,8,15.6,776.0
17,335,1,4,2,0,2,2,2,8,15.6,799.0
1,324,1,4,35,2,4,9,8,17,15.6,932.0
5,8,1,2,12,0,6,27,2,8,15.6,899.0
14,336,1,2,15,3,7,20,2,34,14.0,239.0
5,52,1,2,2,2,0,2,1,8,15.6,468.0
3,337,4,8,2,5,6,2,2,46,13.3,639.01
4,115,1,2,25,0,2,16,2,24,15.6,1820.0
3,338,0,2,12,1,3,2,2,63,14.0,1900.0
4,97,3,2,25,1,11,31,2,47,15.6,1479.0
5,339,1,2,8,2,2,8,2,35,15.6,829.0
5,340,1,2,9,2,6,47,2,8,15.6,579.0
3,341,1,4,23,0,6,21,2,24,15.6,399.0
3,143,1,2,16,0,6,16,2,121,15.6,906.62
4,9,0,12,8,0,2,8,2,51,13.3,1869.0
5,342,1,4,30,3,7,15,2,74,14.0,249.0
5,117,4,7,12,0,2,2,2,0,13.3,1757.42
4,115,1,16,25,1,18,16,2,72,15.6,2399.0
5,11,3,5,25,0,8,39,2,12,15.6,1109.0
1,343,1,18,5,0,6,5,2,103,17.0,520.9
5,157,0,5,12,1,3,2,2,137,14.0,2450.0
3,344,3,5,25,0,6,31,1,12,15.6,1169.0
2,345,1,4,9,2,4,9,2,30,15.6,450.0
5,342,1,4,30,2,7,20,2,112,14.0,274.0
2,5,0,5,2,0,2,74,2,35,14.0,919.0
13,120,3,2,25,1,2,23,2,71,14.0,2599.0
9,346,1,2,35,0,2,9,2,21,13.3,1213.0
5,264,0,5,12,0,2,2,2,92,12.5,1584.0
3,347,3,5,78,6,3,45,2,138,17.3,2799.0
2,348,3,2,16,0,6,16,4,30,15.6,709.0
4,9,0,2,8,0,2,8,2,21,13.3,1449.9
7,349,3,2,25,0,8,31,2,8,15.6,1191.8
1,2,1,4,9,2,4,9,1,2,15.6,364.9
9,350,1,5,2,0,4,2,2,70,15.6,1064.0
4,16,1,2,7,0,2,18,2,8,15.6,919.0
4,16,1,2,7,1,12,18,2,8,15.6,1135.0
5,351,3,5,72,0,8,75,2,139,15.6,1196.0
4,132,3,19,25,6,17,30,2,78,17.3,3147.37
4,352,1,2,82,0,2,9,2,64,14.0,1229.0
5,353,1,4,23,2,4,21,2,8,15.6,419.0
5,30,1,2,35,2,4,9,2,8,15.6,535.0
1,354,1,32,9,5,6,11,2,5,15.6,539.0
7,355,3,2,25,0,8,23,2,39,17.3,1486.77
9,90,1,4,83,2,0,9,2,4,15.6,498.0
4,356,1,2,2,0,6,2,2,72,15.6,955.0
1,357,1,2,12,0,6,18,2,4,15.6,745.0
9,358,1,5,2,0,2,2,2,70,15.6,1258.0
2,3,1,4,9,2,0,9,4,4,15.6,412.0
8,47,0,11,54,0,2,0,6,38,13.5,1867.85
5,359,1,2,2,0,8,11,2,68,15.6,817.95
5,360,4,7,2,0,2,2,2,6,13.3,1034.0
5,55,1,4,84,2,0,70,2,8,15.6,349.0
1,361,4,7,14,2,0,14,2,41,14.0,699.0
7,362,3,2,25,1,11,16,2,30,15.6,1294.0
3,224,0,2,2,0,2,2,2,63,14.0,1135.0
1,363,4,21,23,0,10,21,7,34,11.6,495.0
18,364,0,5,7,0,3,2,2,140,15.6,2299.0
2,365,3,2,16,1,2,31,2,12,15.6,1299.0
7,366,3,2,16,0,2,16,2,8,15.6,997.9
3,367,1,4,23,2,0,21,2,2,15.6,419.0
4,368,3,2,16,1,8,23,2,141,15.6,2051.0
1,369,1,5,9,2,2,76,2,12,17.3,699.0
5,370,4,7,7,0,3,8,2,142,13.3,1499.0
4,368,3,2,42,1,11,30,2,75,15.6,2813.75
1,2,1,4,2,2,4,29,2,2,15.6,612.61
4,6,1,4,9,2,6,11,2,8,15.6,545.67
1,371,1,5,53,5,14,77,2,25,17.3,569.0
5,372,1,4,56,2,4,56,2,4,15.6,318.0
2,373,1,4,56,2,7,56,7,100,14.0,375.0
5,374,1,2,2,2,2,2,2,33,14.0,699.0
1,306,5,2,25,0,4,46,2,127,17.3,1907.99
5,157,4,17,12,0,2,2,2,74,14.0,2590.0
9,90,1,5,2,0,2,2,2,46,13.3,973.0
2,375,2,4,85,2,7,20,2,34,11.6,269.0
5,145,4,8,12,1,3,2,2,48,14.0,1749.0
3,376,4,8,86,2,10,40,7,21,12.5,669.0
9,377,0,8,44,1,3,9,2,92,13.3,1877.0
1,378,1,5,12,2,4,18,2,4,15.6,689.0
4,96,3,2,16,0,6,16,2,60,15.6,819.0
5,55,1,2,87,2,2,18,2,8,15.6,399.0
5,193,1,4,60,0,6,78,2,8,15.6,429.0
5,379,1,2,2,2,28,2,2,4,15.6,621.45
5,380,1,4,9,2,4,9,1,68,15.6,450.0
4,279,1,2,2,0,2,2,2,88,15.6,795.0
2,62,4,7,8,0,2,8,2,7,13.3,999.0
5,381,5,2,44,1,3,79,8,88,15.6,1855.0
5,382,1,2,88,0,2,9,2,35,14.0,1191.0
1,383,1,5,74,5,14,18,2,20,17.3,655.01
5,11,3,5,25,0,8,31,2,12,15.6,1249.0
4,235,1,2,67,0,2,19,4,115,14.0,1089.0
4,279,1,2,2,0,6,2,4,143,15.6,726.0
3,205,1,2,23,2,7,21,2,46,14.0,298.0
4,286,1,2,59,1,3,2,2,123,15.6,1426.66
5,290,1,5,2,0,2,27,2,124,14.0,857.07
4,286,1,2,59,0,2,2,2,36,15.6,1179.0
5,384,1,4,89,2,4,62,2,95,15.6,298.0
14,385,1,33,90,2,29,15,2,34,14.0,265.0
1,18,1,2,12,0,2,19,2,125,17.3,1200.0
5,157,0,28,44,0,3,9,2,144,14.0,1686.64
1,361,4,31,2,0,2,2,2,49,13.3,836.6
5,244,0,5,2,0,2,2,2,56,14.0,1499.0
4,132,3,20,25,6,30,30,2,145,17.3,3659.4
7,186,3,2,25,0,8,31,2,39,17.3,1348.48
5,386,1,4,2,2,6,2,1,36,15.6,489.9
4,16,1,2,8,0,8,18,2,8,15.6,719.0
4,387,4,8,14,2,6,2,2,146,13.3,649.0
4,83,1,4,2,0,6,37,4,147,15.6,589.52
1,388,1,2,5,2,6,29,2,4,15.6,489.0
2,389,3,5,72,1,8,23,2,148,17.3,1935.0
4,6,1,4,2,4,6,2,2,93,15.6,649.0
1,390,1,2,77,5,8,29,2,4,15.6,650.0
2,391,1,4,2,2,4,2,2,30,15.6,559.0
5,179,1,5,2,0,2,2,2,22,13.3,960.0
5,392,1,2,12,2,6,2,2,50,15.6,779.0
1,393,5,2,25,1,2,80,2,103,15.6,2419.0
4,13,4,8,8,0,6,8,2,149,13.3,659.0
7,327,3,2,25,1,11,23,2,35,15.6,2094.48
2,247,1,4,9,2,4,9,2,30,15.6,410.8
4,394,1,2,12,0,8,14,2,70,15.6,1207.0
4,155,1,4,9,0,2,9,2,24,15.6,665.0
9,395,1,7,2,0,2,2,2,45,14.0,1535.0
5,396,4,8,2,0,2,2,2,33,14.0,999.0
5,397,5,19,54,1,18,79,2,12,15.6,3299.0
2,373,1,4,30,3,7,15,7,85,14.0,330.0
15,398,0,2,12,1,2,2,2,150,13.3,1649.0
1,2,1,2,9,0,2,9,2,2,15.6,539.0
4,235,1,4,2,0,2,2,2,7,14.0,1126.71
1,399,5,5,91,1,2,81,8,37,17.3,4389.0
5,400,2,21,30,2,0,15,2,34,11.6,475.0
1,324,1,2,82,0,2,9,2,102,15.6,1900.0
3,401,1,4,88,2,6,48,1,44,15.6,579.0
5,402,0,2,35,2,27,9,2,33,14.0,1096.0
3,403,1,4,12,2,2,2,2,80,15.6,849.9
5,404,4,30,92,0,2,82,2,6,13.3,1199.0
1,405,1,5,16,0,8,16,2,8,15.6,1099.0
1,393,5,2,72,0,2,83,8,135,15.6,1561.0
4,132,3,19,25,1,11,30,2,78,15.6,2868.99
2,3,1,4,2,2,2,2,2,4,15.6,599.0
5,11,3,5,25,0,8,16,2,12,15.6,1048.0
4,406,0,2,54,1,2,2,2,151,12.5,1859.0
16,243,0,26,71,0,2,12,7,63,12.3,1559.0
3,407,0,29,2,0,2,2,2,21,13.3,1129.0
4,230,1,4,9,2,4,9,2,19,13.3,849.0
2,408,1,4,35,2,0,9,2,7,13.3,655.0
3,409,1,4,28,2,6,27,2,23,17.3,470.34
4,331,3,34,72,1,8,69,2,152,15.6,1099.0
15,398,0,8,12,0,2,2,2,153,13.3,1599.0
2,107,1,4,28,2,6,42,4,4,15.6,298.0
4,83,1,2,12,1,2,37,2,15,15.6,1181.27
15,398,4,8,12,1,2,84,2,146,15.0,1799.0
9,410,1,13,35,2,0,9,2,57,14.0,1020.0
4,97,3,2,25,0,6,16,2,47,15.6,1099.0
1,411,0,4,35,2,2,9,2,52,12.5,1244.0
3,412,4,8,12,4,14,14,2,15,15.6,839.0
5,413,1,20,64,1,3,81,8,12,15.6,2370.0
2,5,1,5,14,2,0,2,2,35,14.0,636.0
13,120,3,2,25,1,3,23,2,71,14.0,2899.0
3,414,1,32,93,0,0,42,2,24,15.6,581.9
4,132,3,5,25,6,30,85,2,78,17.3,3588.8
3,415,3,5,72,1,11,30,2,84,17.3,2350.0
9,416,0,5,49,1,3,52,2,117,14.0,1764.0
5,417,1,4,94,0,6,57,1,8,15.6,329.0
5,244,0,2,12,1,3,2,2,33,14.0,2299.0
7,418,3,5,25,1,11,23,2,7,14.0,1891.0
7,419,3,2,16,0,8,16,2,8,15.6,1089.0
5,11,3,5,25,2,6,16,2,30,15.6,999.0
2,420,3,5,25,1,11,23,2,148,17.3,2299.0
4,97,3,2,16,0,2,16,2,47,15.6,985.0
3,421,3,2,25,0,8,86,2,89,15.6,1339.0
12,422,1,32,23,2,7,21,2,10,14.0,202.9
5,74,4,7,12,0,3,2,2,0,13.3,1970.0
5,423,4,8,2,0,2,64,2,83,15.6,959.0
0,7,0,6,95,0,31,87,3,154,12.0,1165.0
5,157,4,35,2,0,2,2,2,74,14.0,2330.0
3,424,1,4,23,2,7,21,2,41,14.0,299.0
4,356,1,4,2,0,0,2,2,71,15.6,810.0
5,145,4,7,12,0,2,2,2,48,13.9,1349.0
4,279,1,2,9,0,2,88,2,24,15.6,739.0
1,306,5,2,25,0,2,80,2,127,15.6,2064.9
3,425,1,2,2,0,2,2,2,80,15.6,1099.0
4,9,0,2,2,0,2,2,2,69,13.3,1499.0
4,115,1,16,16,0,2,16,2,72,15.6,1749.0
4,426,2,4,28,2,0,42,2,41,11.6,744.0
1,411,2,4,59,0,2,2,2,52,12.5,1389.0
9,90,1,4,35,2,4,9,2,4,15.6,780.0
1,427,1,4,96,0,14,89,2,5,15.6,629.0
4,97,3,20,25,1,3,31,2,47,15.6,1679.0
5,329,1,2,2,2,6,36,2,30,15.6,609.0
1,428,3,5,25,4,6,26,2,155,17.3,1749.0
7,94,3,2,25,1,17,30,2,59,17.3,2415.0
15,398,0,2,2,0,2,2,2,150,13.3,1499.0
4,279,1,2,12,0,6,59,2,143,15.6,961.0
4,155,1,2,2,0,2,41,2,88,15.6,789.81
5,429,0,2,12,0,2,2,2,56,14.0,1859.0
13,430,0,14,97,1,3,2,2,69,12.5,1799.0
1,314,2,4,30,2,23,15,7,51,11.6,385.0
4,132,3,5,25,1,8,23,2,145,17.3,2505.02
4,431,1,4,35,2,4,9,2,156,14.0,755.0
5,432,1,4,9,2,4,9,2,4,15.6,489.9
9,433,0,4,2,2,0,2,2,45,14.0,1090.0
5,211,0,5,12,0,3,2,2,107,14.0,2499.0
7,434,3,2,16,0,2,16,2,30,15.6,1199.0
5,157,0,5,2,0,5,2,2,107,14.0,1875.0
9,90,1,4,98,2,0,56,2,57,14.0,499.0
3,103,4,36,2,0,2,2,2,63,13.3,1358.0
4,431,1,4,9,2,4,9,2,156,14.0,585.0
2,314,2,13,30,2,7,15,7,16,11.6,355.0
2,5,1,5,14,0,0,2,2,46,14.0,619.0
13,120,3,16,42,6,3,45,2,75,17.3,5499.0
5,211,0,28,49,1,3,9,2,63,14.0,2099.0
3,37,1,2,2,2,6,90,4,4,15.6,519.0
5,402,1,2,35,0,2,9,2,33,14.0,1186.0
5,244,1,5,59,0,2,2,2,56,14.0,1650.0
4,368,3,2,25,1,11,30,2,141,15.6,2774.63
3,435,3,2,25,1,11,30,2,59,17.3,2419.0
9,90,1,4,14,2,4,2,2,70,15.6,669.0
5,436,1,4,81,2,23,15,7,46,14.0,325.0
3,437,1,2,2,0,32,2,2,15,15.6,590.0
3,438,3,2,72,1,17,23,2,132,17.3,1799.0
4,132,3,5,25,6,17,30,2,78,17.3,3072.89
1,18,1,18,2,0,6,19,2,125,17.3,910.0
4,155,1,4,2,0,0,2,2,88,15.6,713.99
1,100,0,2,44,0,3,9,8,157,14.0,1870.0
4,155,1,2,12,2,2,41,2,88,15.6,739.0
1,363,4,21,23,2,7,21,7,34,11.6,615.0
3,439,0,5,35,0,3,91,2,100,13.3,1026.0
1,174,4,8,2,0,2,2,2,98,13.3,2277.0
1,100,0,2,44,0,3,9,2,157,14.0,1468.0
1,2,1,4,30,2,0,15,1,2,15.6,299.0
3,440,3,2,25,1,8,23,2,4,15.6,1899.0
4,441,1,2,12,0,6,37,4,158,17.3,865.0
5,442,0,5,25,0,2,59,2,42,14.0,1903.0
3,443,1,5,12,0,2,92,2,15,15.6,787.0
4,286,1,2,2,0,0,2,2,36,15.6,945.0
3,444,1,4,28,2,6,42,2,24,15.6,449.0
1,174,4,8,54,0,2,2,2,98,13.3,2559.0
4,445,1,8,35,0,6,9,2,13,13.3,649.0
5,322,1,2,50,2,6,9,1,8,15.6,469.0
5,263,1,5,2,0,6,2,2,15,15.6,850.66
1,324,1,2,59,0,2,93,2,102,15.6,1349.0
9,446,1,2,2,2,0,2,2,66,13.3,1285.0
5,11,3,5,16,0,6,16,1,12,15.6,1017.0
4,9,0,12,68,1,3,0,2,69,13.3,2240.0
1,283,1,2,35,2,4,9,2,159,15.6,910.0
9,447,0,4,35,0,2,9,2,21,13.3,1095.0
5,74,4,7,12,0,2,2,2,0,13.3,1950.0
2,448,1,5,2,0,2,2,2,64,14.0,902.0
4,248,5,2,25,0,6,63,2,77,15.6,1778.0
5,271,1,4,2,2,4,2,2,160,15.6,1055.0
5,322,1,2,9,2,6,11,1,8,15.6,479.0
9,449,1,5,12,0,2,2,2,70,15.6,1388.0
5,239,1,5,14,2,27,2,2,22,13.3,735.0
15,398,0,2,12,1,2,14,2,51,15.0,1849.0
4,406,0,2,54,0,2,2,2,7,12.5,1690.0
3,450,1,4,28,2,6,42,4,24,15.6,398.99
11,114,0,5,35,0,2,14,2,98,13.3,935.0
4,279,1,2,2,2,8,14,2,88,15.6,912.5
1,24,1,2,2,2,2,2,2,5,15.6,839.0
1,174,4,8,2,2,2,2,2,98,13.3,1700.0
1,451,4,21,2,2,4,2,2,15,15.6,684.8
3,452,1,4,23,2,7,21,2,19,14.1,348.0
5,453,1,5,44,0,6,14,2,8,15.6,669.0
4,192,1,4,57,2,4,20,2,8,15.6,369.0
1,174,4,8,2,2,2,2,2,98,13.3,1799.0
4,155,1,4,50,2,6,88,4,88,15.6,455.7
3,454,3,2,16,4,8,16,2,8,17.3,1369.9
2,455,2,13,30,2,7,15,7,45,11.6,297.0
5,202,1,18,99,2,4,94,2,23,17.3,379.0
1,456,1,2,2,2,0,2,2,71,14.0,1265.0
1,457,4,12,12,1,2,2,2,74,13.3,1399.0
15,398,0,2,12,0,2,2,2,144,15.0,1699.0
5,244,0,5,2,0,2,2,2,56,14.0,1799.0
7,458,3,19,72,1,25,23,2,32,17.3,2649.0
9,459,1,2,2,0,2,2,2,66,13.3,1475.0
4,97,3,2,25,0,6,95,4,47,15.6,929.0
1,24,1,2,12,0,6,19,2,5,15.6,900.0
4,155,1,4,50,2,6,88,2,88,15.6,614.0
4,286,1,2,59,0,4,2,2,36,15.6,935.0
4,9,4,12,66,0,3,12,2,129,13.3,2013.1
3,460,3,5,78,6,9,50,2,161,17.3,1279.0
4,9,4,8,66,1,2,12,2,10,13.3,1649.0
5,157,0,5,12,0,5,2,2,107,14.0,2049.0
5,295,1,5,2,0,3,2,2,71,15.6,1962.99
18,461,0,7,12,1,3,2,2,162,15.6,2099.0
1,185,2,2,12,0,3,2,2,52,12.5,1483.0
2,462,1,5,51,2,23,20,7,163,15.6,359.0
5,351,1,5,88,0,8,69,2,103,15.6,789.0
18,463,0,7,12,0,3,2,2,11,14.0,1899.0
4,235,1,2,67,0,2,2,2,7,14.0,1205.0
1,464,0,16,36,0,33,40,2,140,12.5,3100.0
5,465,1,2,12,5,2,14,2,8,15.6,789.0
1,24,1,2,12,0,2,19,2,5,15.6,1018.99
2,184,1,2,14,2,6,2,2,30,15.6,499.0
5,179,1,2,2,2,0,2,2,22,13.3,881.0
1,60,1,2,2,0,2,2,2,29,13.3,960.0
7,466,3,2,25,1,11,31,2,39,17.3,1599.0
4,97,3,2,25,1,8,31,2,103,15.6,1349.0
7,434,3,2,16,0,8,16,2,8,15.6,1119.91
4,155,1,4,2,2,6,41,2,88,15.6,684.99
1,324,0,2,44,0,2,96,2,102,15.6,1296.99
1,467,0,12,12,0,2,2,2,133,13.3,1149.0
9,468,1,5,49,1,2,52,2,30,15.6,1975.0
5,74,4,7,2,0,3,2,2,0,13.3,1825.0
4,356,1,4,35,2,4,9,2,71,15.6,729.9
5,264,0,5,12,0,2,2,2,92,12.5,1650.0
1,469,1,2,35,0,2,9,2,113,15.6,1165.0
4,155,1,4,2,2,6,2,2,88,15.6,708.06
1,180,1,4,35,2,4,9,2,71,14.0,1149.0
5,173,1,4,28,2,6,42,2,8,15.6,309.0
1,411,0,2,35,2,4,9,2,52,12.5,1579.0
1,2,1,4,30,2,6,15,1,2,15.6,288.9
5,404,4,30,100,1,18,25,2,6,13.3,1799.0
9,470,1,5,35,2,0,9,2,117,14.0,1105.0
1,411,2,2,35,0,2,9,2,52,12.5,1669.0
4,155,1,4,50,2,6,9,2,88,15.6,558.6
7,471,3,2,25,0,8,16,2,8,15.6,1199.0
4,198,0,2,2,0,2,2,2,92,14.0,1639.0
4,132,3,27,78,1,17,45,2,145,17.3,2758.0
1,472,3,5,88,0,8,66,2,164,17.3,1399.0
3,473,1,18,57,2,6,27,2,23,17.3,530.0
2,474,1,4,2,2,4,2,2,77,15.6,619.0
9,475,1,4,35,0,2,9,2,8,15.6,1119.0
5,476,4,7,101,0,2,40,2,63,11.3,1299.0
5,477,3,5,102,1,17,97,2,12,15.6,999.0
4,406,0,8,2,0,2,20,2,92,12.5,1472.2
5,329,1,2,12,0,6,27,1,8,15.6,685.0
4,478,1,18,50,2,6,37,2,54,17.3,659.0
2,373,1,4,30,2,7,15,7,85,14.0,349.0
1,479,5,5,64,0,34,83,2,70,15.6,2249.0
4,198,0,2,54,0,2,2,2,92,14.0,1775.0
9,480,1,2,35,0,2,9,8,21,13.3,1460.0
3,376,4,2,103,0,10,40,7,21,12.5,1159.0
5,402,0,5,49,0,2,9,2,33,14.0,1488.99
4,132,3,19,25,1,17,30,2,145,17.3,3154.0
4,9,4,8,41,0,2,12,2,129,13.3,1899.0
1,481,4,21,28,2,2,42,2,100,11.6,775.0
4,9,0,37,44,0,2,9,2,6,13.3,1268.0
2,482,4,31,30,2,7,15,7,45,11.6,389.0
9,483,1,2,82,0,2,9,2,21,13.3,1535.0
5,245,0,5,59,0,2,2,2,92,12.5,1760.0
2,484,1,2,2,4,8,48,2,30,15.6,1009.0
9,485,0,8,12,0,3,2,2,63,12.5,1790.0
1,24,1,4,104,0,6,19,2,5,15.6,846.5
4,6,1,4,50,2,6,11,4,93,15.6,465.62
4,286,1,4,2,2,4,2,2,36,15.6,825.0
1,24,1,2,14,2,4,2,2,5,15.6,685.0
4,132,3,5,25,6,11,30,2,78,17.3,3149.0
5,329,1,2,2,5,2,27,2,30,15.6,695.0
4,9,4,12,66,1,3,12,2,10,13.3,1899.0
4,352,0,17,49,0,2,9,2,46,14.0,1962.98
4,132,3,2,72,6,11,30,2,78,17.3,2800.0
9,486,1,2,35,0,2,9,2,71,14.0,1180.0
3,31,3,2,25,1,11,23,2,132,17.3,2049.9
1,283,1,5,105,0,8,19,2,5,15.6,979.0
5,487,1,4,35,2,35,9,8,165,14.0,1002.0
3,488,4,16,12,1,25,48,2,15,15.6,1799.0
1,489,1,4,12,5,6,2,2,5,15.6,579.0
3,490,3,2,25,1,11,31,2,166,17.3,1749.0
4,491,4,7,12,4,3,2,2,95,15.6,1299.0
9,492,1,2,35,2,0,9,8,21,13.3,1195.0
5,193,1,2,60,5,2,18,2,8,15.6,549.0
17,493,1,4,35,2,2,9,2,15,15.6,649.0
9,494,1,4,35,2,4,9,2,57,14.0,915.0
4,6,1,4,2,2,4,11,2,93,15.6,599.0
1,283,1,2,2,0,6,2,2,5,15.6,806.0
5,11,3,5,25,0,8,23,2,12,15.6,1189.0
4,83,1,4,12,0,6,37,2,54,15.6,749.0
4,235,1,2,2,0,0,98,2,7,14.0,1119.0
1,92,2,2,36,0,3,40,2,58,12.5,1908.0
1,495,1,2,9,2,8,29,2,4,15.6,499.0
5,496,1,4,23,2,0,21,1,36,15.6,270.62
5,497,1,2,35,0,2,9,2,15,15.6,1349.0
4,387,4,8,2,0,2,2,2,85,13.3,889.0
3,498,1,37,2,0,2,2,2,34,13.3,1150.0
1,499,0,7,12,0,2,2,2,167,13.3,1349.0
2,500,1,4,28,2,4,42,2,30,15.6,380.0
3,501,3,2,25,1,11,31,2,12,15.6,1799.0
1,100,0,2,12,0,3,2,2,61,14.0,2089.0
2,502,3,5,25,0,8,16,2,39,15.6,1260.0
1,503,1,5,2,0,2,2,2,1,13.3,1189.0
4,155,1,4,14,2,0,2,2,88,15.6,547.0
1,75,1,4,2,2,4,2,2,115,14.0,779.0
9,504,1,2,35,2,0,9,2,21,13.3,1195.0
1,100,1,4,82,2,2,9,2,61,14.0,1099.99
1,180,1,2,2,2,2,2,2,71,14.0,1205.0
1,231,0,2,49,0,2,9,8,112,14.0,1449.0
1,54,1,2,2,0,2,19,2,115,14.0,1049.26
1,75,1,4,14,2,4,2,2,115,14.0,684.0
4,97,3,2,16,0,16,16,2,25,15.6,949.0
1,411,0,2,2,2,4,2,2,52,12.5,1539.0
1,182,1,2,2,2,2,2,2,61,14.0,1590.0
1,100,0,2,44,0,2,9,2,157,14.0,1887.21
1,60,1,4,14,2,4,2,2,29,13.3,800.0
9,505,1,4,35,0,2,9,2,46,13.3,1210.0
1,24,1,4,14,2,2,2,2,5,15.6,769.99
5,506,1,19,64,1,3,99,8,30,17.3,2968.0
9,507,1,5,35,0,2,9,2,117,14.0,1490.0
1,231,1,2,44,0,2,9,2,112,14.0,2229.0
4,508,4,7,73,2,6,9,2,83,15.6,795.99
9,509,0,2,35,0,2,9,2,21,13.3,1590.0
1,510,1,5,2,0,2,2,2,167,13.3,1149.0
1,54,1,2,12,0,2,19,2,115,14.0,1185.43
4,511,1,2,82,0,4,9,2,168,15.6,1046.44
1,185,0,4,2,2,2,2,2,52,12.5,1559.0
1,233,1,4,2,2,4,2,2,113,14.0,1189.0
1,180,1,4,2,2,4,2,2,71,14.0,1060.0
4,9,0,12,2,0,2,2,2,69,13.3,1624.0
1,81,1,2,2,0,2,19,2,125,17.3,1080.0
1,54,1,4,2,2,2,2,2,115,14.0,973.0
2,3,1,4,5,5,6,5,2,4,15.6,409.0
7,49,3,2,25,0,8,16,2,39,17.3,1191.8
1,456,1,2,35,0,2,9,8,71,14.0,1195.0
1,324,1,2,44,0,2,9,2,102,15.6,1228.99
1,411,0,2,44,0,2,9,2,52,12.5,1349.0
1,24,1,4,2,2,4,2,2,5,15.6,742.0
9,512,0,5,49,0,2,9,2,117,14.0,1725.0
4,511,1,2,82,0,2,9,8,168,15.6,1062.95
1,54,1,2,2,0,2,2,2,115,14.0,1010.51
5,513,4,7,44,2,2,9,2,35,15.6,847.0
12,514,1,4,106,3,7,15,2,100,14.0,210.8
9,515,1,5,44,1,2,52,2,30,15.6,1425.0
5,516,1,2,35,0,2,9,2,15,15.6,1049.6
1,100,1,2,35,2,4,9,2,157,14.0,1000.0
1,324,1,2,82,0,19,9,2,102,15.6,2103.34
1,231,1,2,35,0,2,9,8,112,14.0,1469.0
7,517,3,5,78,1,11,50,2,118,17.3,1545.64
5,518,3,5,72,1,8,50,2,130,17.3,2289.99
3,519,2,4,30,2,23,15,7,21,11.6,287.9
5,157,1,23,49,1,2,9,8,63,14.0,2620.0
1,520,1,5,12,0,6,14,2,14,15.6,979.0
4,521,4,7,107,0,2,2,2,15,15.6,1094.0
1,24,1,4,2,2,2,2,2,5,15.6,979.0
4,9,0,12,12,1,18,2,2,21,13.3,2254.0
1,233,1,4,73,2,4,9,2,113,15.6,705.15
1,522,1,4,2,2,4,2,1,42,15.6,499.0
2,523,1,4,55,0,6,5,2,30,15.6,449.0
4,524,4,7,12,4,2,2,2,7,13.3,1299.0
7,525,3,2,72,1,11,23,2,136,15.6,1819.0
1,24,1,2,12,0,2,2,2,5,15.6,1070.0
3,526,3,5,72,1,6,66,1,169,17.3,998.0
4,6,1,2,2,2,6,20,2,93,15.6,559.0
4,83,1,2,12,1,14,37,2,147,15.6,989.99
7,527,3,2,72,1,11,23,2,35,15.6,1929.0
4,9,0,2,12,0,2,2,2,69,13.3,1458.0
3,528,3,5,78,8,18,100,2,161,17.3,3975.0
4,445,4,8,44,0,2,9,2,13,13.3,798.01
4,368,3,20,72,1,11,72,2,141,15.6,1329.0
0,7,0,6,108,0,5,40,3,154,12.0,1300.0
4,529,1,4,73,2,4,9,2,72,15.6,481.98
1,233,1,4,35,2,4,9,2,113,15.6,1199.0
1,411,0,2,35,0,2,9,8,52,12.5,1199.0
1,34,1,2,12,0,2,2,2,29,13.3,1090.0
5,74,0,7,44,0,2,9,2,6,12.5,1713.49
5,530,1,18,35,0,36,101,2,170,17.3,659.0
5,531,1,5,88,2,6,48,2,15,15.6,977.0
7,532,3,2,25,1,11,30,2,118,17.3,2499.0
5,533,1,4,35,2,4,9,2,4,15.6,540.0
1,469,1,2,35,2,4,9,8,113,15.6,940.0
5,534,0,35,36,0,3,40,2,171,12.5,1399.0
5,518,3,5,78,6,37,50,2,130,17.3,3240.0
5,33,4,10,29,2,10,15,2,28,10.1,646.27
1,76,0,19,12,1,3,2,2,6,13.3,2049.0
4,155,1,2,2,0,2,2,2,88,15.6,750.0
1,100,1,2,35,2,4,9,8,157,14.0,1030.99
1,135,5,2,44,0,2,102,8,36,15.6,1495.0
5,487,1,2,35,0,27,9,8,33,14.0,1199.0
1,535,1,37,109,2,7,40,7,69,13.3,615.0
2,523,1,4,55,2,4,5,2,30,15.6,387.0
4,192,1,4,110,2,4,20,4,8,15.6,393.49
1,2,1,4,9,2,6,9,1,2,15.6,345.99
3,536,3,5,25,0,11,23,2,39,17.3,1599.0
4,48,0,5,8,2,2,18,2,34,13.3,818.35
1,185,2,4,35,2,0,9,8,30,12.5,1599.0
2,537,1,2,2,0,11,48,2,30,15.6,799.0
4,83,1,2,2,0,6,37,2,54,15.6,638.8
7,538,3,2,72,0,2,66,2,103,17.3,1599.0
1,522,1,4,57,2,6,57,2,42,15.6,500.0
3,539,3,5,72,1,8,50,2,84,17.3,2299.0
4,540,0,4,73,2,4,9,8,46,12.5,1135.15
4,540,0,4,73,2,0,9,8,46,12.5,1166.97
2,541,1,4,51,2,22,20,7,163,15.6,209.0
1,306,5,5,72,0,6,103,8,170,17.3,2899.0
5,11,3,2,25,1,3,31,2,30,15.6,1199.0
4,540,0,4,35,0,2,9,8,46,12.5,1413.1
7,542,3,2,72,0,8,69,2,59,17.3,1511.19
5,513,4,7,35,2,2,9,2,4,15.6,867.0
1,543,1,2,22,2,6,62,2,4,15.6,398.0
3,544,3,5,72,1,8,69,2,135,15.6,1339.0
1,302,1,12,111,0,2,40,2,114,13.3,1699.0
4,545,1,4,35,2,4,104,8,89,15.6,769.15
5,546,1,4,50,2,0,9,2,4,15.6,429.0
1,547,0,2,44,0,3,9,2,114,13.3,1969.0
5,33,4,10,29,2,10,15,5,28,10.1,549.0
4,9,0,2,33,0,2,0,2,51,13.3,1379.0
5,518,3,5,78,1,38,50,2,130,17.3,2749.99
13,430,0,38,44,0,2,9,2,45,12.5,1029.0
9,548,0,2,12,1,3,2,2,66,13.3,2226.0
3,549,3,2,72,0,8,69,2,172,17.3,1312.49
12,550,1,2,106,2,7,15,2,16,13.3,196.0
1,547,1,2,35,0,2,9,2,114,13.3,1690.0
1,231,1,2,35,0,2,9,8,112,14.0,1513.0
4,511,1,4,35,2,4,9,4,168,15.6,523.63
3,37,1,4,14,2,6,2,2,24,15.6,435.0
5,74,4,7,44,0,2,9,2,35,14.0,1669.0
5,33,4,10,29,2,10,15,2,28,10.1,479.0
1,411,0,4,82,0,2,9,8,52,12.5,1895.0
5,11,3,5,16,0,8,23,1,30,15.6,989.0
1,551,3,5,88,0,8,23,2,76,17.3,1129.0
1,552,1,4,12,0,14,2,2,5,15.6,629.0
5,553,4,7,49,0,3,105,8,35,14.0,2050.38
3,554,1,4,23,2,7,21,2,46,14.0,278.0
1,2,0,2,12,0,2,2,2,102,15.6,752.0
2,123,1,2,2,2,6,14,2,77,15.6,616.0
5,555,1,2,44,1,16,106,2,12,15.6,1099.0
1,306,5,5,72,0,2,107,8,37,17.3,3949.4
4,83,1,4,2,0,6,37,2,12,15.6,784.0
7,517,3,2,64,1,11,50,2,118,17.3,2399.0
1,324,0,2,44,0,2,9,8,17,15.6,2171.72
5,157,4,35,49,1,3,9,2,23,14.0,2440.0
7,556,3,2,25,0,8,16,2,30,15.6,1142.8
1,547,4,8,82,0,2,9,2,61,13.3,1629.0
1,393,5,5,72,0,2,83,8,135,15.6,2229.0
1,547,4,17,49,0,2,9,2,61,13.3,1799.0
1,479,5,2,72,0,2,83,8,70,15.6,1899.0
1,411,0,2,112,0,2,9,8,52,12.5,2296.95
4,279,1,2,12,0,2,14,2,88,15.6,1009.9
1,324,1,2,35,0,2,9,8,17,15.6,1579.0
5,157,4,35,44,0,2,9,2,111,14.0,2339.0
5,557,1,4,50,2,6,9,1,36,15.6,339.0
1,558,1,4,75,2,4,70,2,2,15.6,297.0
5,559,1,2,35,0,6,101,1,147,15.6,599.0
4,97,3,2,25,0,6,95,2,47,15.6,1199.0
4,115,1,34,88,0,2,108,2,5,15.6,2250.68
1,560,1,2,47,2,2,29,2,14,15.6,478.89
7,561,3,2,25,1,11,31,2,39,17.3,1492.8
5,562,0,2,49,4,3,9,8,34,14.0,2299.0
5,563,1,2,35,0,16,101,2,12,15.6,788.49
1,547,4,17,49,0,3,9,2,61,13.3,2041.0
5,487,0,2,49,0,2,9,8,33,14.0,1499.0
7,564,3,2,72,1,11,72,2,33,14.0,1769.0
1,565,3,5,25,0,6,16,2,47,15.6,899.0
5,566,1,4,50,0,6,9,2,8,15.6,459.0
1,567,1,4,35,2,4,9,1,4,15.6,476.99
4,97,3,20,25,0,8,31,2,47,15.6,1498.0
5,295,1,5,2,0,2,2,2,71,15.6,1390.0
5,568,1,2,9,2,6,47,2,8,15.6,468.0
1,569,1,4,30,3,7,15,2,22,14.0,249.0
7,570,3,5,12,0,6,16,2,8,15.6,839.0
1,522,1,2,44,0,2,9,2,42,15.6,679.0
1,24,1,2,7,1,3,8,2,4,15.6,1159.0
3,571,1,4,85,2,4,20,2,8,15.6,369.0
5,572,1,4,35,2,4,9,1,4,15.6,398.0
5,465,1,2,12,0,6,14,1,8,15.6,709.0
3,573,1,2,14,2,2,2,2,24,14.0,769.0
5,574,1,2,44,2,16,9,8,147,15.6,825.0
5,351,3,5,72,1,3,75,2,139,15.6,1305.0
7,575,3,2,72,1,8,72,2,14,15.6,2153.37
1,24,1,4,73,2,4,9,2,159,15.6,650.0
5,157,4,35,35,0,2,9,2,92,14.0,1637.0
5,329,0,2,12,5,2,36,2,157,15.6,831.0
4,279,1,2,12,0,2,59,4,143,15.6,895.01
2,3,1,4,113,2,4,21,2,4,15.6,333.0
1,576,1,5,72,5,6,69,2,88,15.6,799.0
3,577,3,5,72,0,11,69,2,173,15.6,909.0
4,521,4,8,12,1,3,2,2,168,15.6,1179.0
2,123,1,2,2,2,2,14,2,77,15.6,691.0
4,9,0,12,82,0,2,9,4,51,13.3,1099.0
2,420,3,5,25,1,11,30,2,148,17.3,2599.0
5,11,3,5,16,0,6,16,2,30,15.6,819.0
15,578,4,39,114,2,7,109,7,110,12.3,659.0
1,2,1,4,2,2,4,2,2,2,15.6,485.0
0,7,0,6,108,0,5,87,3,154,12.0,1163.0
4,524,4,7,2,0,2,2,2,7,13.3,1199.0
1,579,1,5,25,4,8,16,2,174,15.6,1327.0
5,580,1,4,9,2,6,11,1,36,15.6,368.0
3,581,3,5,72,1,17,50,2,84,17.3,2150.0
2,3,1,4,113,2,6,21,4,4,15.6,272.0
7,582,3,2,25,1,11,23,2,32,17.3,2048.9
4,83,1,4,50,2,0,77,2,15,15.6,499.0
5,566,1,4,44,0,4,27,1,8,15.6,629.0
4,104,4,8,7,1,3,8,2,24,15.6,1285.0
4,9,0,12,12,1,3,2,2,21,13.3,2680.0
3,583,3,2,72,0,6,23,2,8,15.6,1169.0
4,83,1,2,2,0,2,37,2,54,15.6,889.0
1,584,1,4,2,0,2,2,2,14,15.6,579.0
5,55,1,4,115,2,4,70,2,8,15.6,299.0
2,585,1,18,50,0,6,14,2,175,17.3,629.0
3,31,3,2,25,1,11,30,2,8,15.6,2449.0
0,7,0,6,95,0,31,40,3,154,12.0,1279.0
3,586,1,2,25,1,8,23,2,8,15.6,1749.0
7,458,3,5,72,1,11,23,2,32,17.3,1948.99
4,491,4,7,2,0,2,2,2,176,15.6,999.0
3,208,3,2,25,1,11,23,2,59,17.3,1949.0
2,587,2,4,51,3,13,20,7,6,11.6,174.0
2,588,1,18,9,2,6,14,2,175,17.3,598.0
5,129,1,18,2,0,6,2,1,23,17.3,539.0
5,351,3,5,72,0,8,73,2,103,15.6,1272.0
2,589,4,7,66,0,2,12,2,21,14.0,1149.0
5,590,1,5,49,0,2,9,2,15,15.6,1529.0
7,591,3,2,72,0,8,23,2,8,15.6,1476.11
1,592,1,2,58,5,6,18,2,4,15.6,529.0
4,593,0,8,82,0,2,9,8,52,12.5,1713.37
4,521,4,8,14,2,4,2,2,83,15.0,509.0
3,594,1,4,57,2,6,57,2,25,15.6,309.0
4,9,0,12,12,0,2,2,2,69,13.3,1477.0
4,155,1,4,2,2,6,9,4,88,15.6,521.86
5,351,3,7,72,1,8,69,2,103,15.6,1029.0
7,595,3,2,25,0,8,16,2,8,15.6,1149.0
5,74,2,7,112,1,3,9,2,6,12.5,1650.0
13,120,3,2,25,1,18,23,2,71,14.0,3499.0
4,6,1,21,14,0,6,2,2,15,15.6,469.01
7,596,3,2,25,1,11,23,2,39,17.3,1598.0
0,15,0,4,18,2,5,1,3,162,11.6,959.0
1,597,1,2,9,2,6,9,2,4,15.6,478.0
1,100,0,27,44,0,2,9,8,157,14.0,2198.19
4,545,1,4,35,2,4,9,8,89,15.6,737.0
7,598,3,2,72,0,8,69,2,15,15.6,1169.0
5,179,1,5,12,1,3,2,2,34,13.3,1499.0
5,193,1,2,60,5,2,18,2,8,15.6,597.57
3,599,0,2,44,0,2,9,2,100,13.3,1280.0
2,247,1,4,50,2,4,9,4,30,15.6,361.8
4,600,4,8,12,1,3,14,2,26,17.3,1799.0
1,100,1,2,35,2,2,9,8,157,14.0,1099.99
3,601,3,5,25,1,11,31,2,12,15.6,1600.0
4,235,1,4,2,2,4,2,2,7,14.0,875.0
3,602,3,5,72,1,11,30,2,177,15.6,2325.0
5,603,1,5,2,0,2,2,1,15,15.6,573.0
4,9,4,12,41,0,2,12,2,129,13.3,1813.0
4,192,1,4,57,2,4,20,4,8,15.6,324.0
1,12,1,4,22,2,4,28,2,2,15.6,399.0
5,566,1,2,73,5,0,27,2,30,15.6,569.0
5,604,1,5,35,0,2,9,2,36,14.0,1072.0
4,192,1,4,110,2,4,20,2,8,15.6,443.99
3,605,1,4,23,2,6,21,2,24,15.6,339.0
3,606,3,5,72,1,8,72,2,178,17.3,1900.0
4,155,1,4,9,2,4,9,2,134,15.6,490.0
5,607,1,2,44,0,16,101,8,147,15.6,895.0
7,608,3,2,72,0,8,69,2,30,15.6,1229.0
5,609,4,8,35,2,0,9,2,35,14.0,833.01
3,610,0,5,116,0,3,40,2,21,13.3,729.0
4,6,1,4,14,5,6,2,2,15,15.6,459.0
2,611,1,4,30,2,4,15,4,30,15.6,289.0
4,192,1,4,85,3,4,20,2,163,15.6,379.0
5,351,1,5,72,0,6,69,2,103,15.6,899.0
1,612,1,2,117,5,16,77,2,5,15.6,549.99
4,6,1,4,12,0,6,11,4,15,15.6,805.99
1,613,2,4,30,3,7,15,2,144,11.6,209.0
3,614,1,4,44,2,4,36,2,8,15.6,720.32
5,615,4,7,44,2,0,9,2,35,14.0,638.0
5,404,4,30,44,1,3,9,2,6,13.3,1499.0
5,342,1,4,85,3,10,20,2,46,14.0,229.0
1,616,1,4,44,5,6,101,2,95,15.6,764.0
3,617,1,4,85,2,4,20,2,8,15.6,369.0
3,610,0,5,116,0,3,40,2,21,13.3,729.0
4,6,1,4,14,5,6,2,2,15,15.6,459.0
2,611,1,4,30,2,4,15,4,30,15.6,289.0
4,192,1,4,85,3,4,20,2,163,15.6,379.0
5,351,1,5,72,0,6,69,2,103,15.6,899.0
1,612,1,2,117,5,16,77,2,5,15.6,549.99
4,6,1,4,12,0,6,11,4,15,15.6,805.99
1,613,2,4,30,3,7,15,2,144,11.6,209.0
3,614,1,4,44,2,4,36,2,8,15.6,720.32
5,615,4,7,44,2,0,9,2,35,14.0,638.0
5,404,4,30,44,1,3,9,2,6,13.3,1499.0
5,342,1,4,85,3,10,20,2,46,14.0,229.0
1,616,1,4,44,5,6,101,2,95,15.6,764.0
3,617,1,4,85,2,4,20,2,8,15.6,369.0
3,610,0,5,116,0,3,40,2,21,13.3,729.0
4,6,1,4,14,5,6,2,2,15,15.6,459.0
2,611,1,4,30,2,4,15,4,30,15.6,289.0
4,192,1,4,85,3,4,20,2,163,15.6,379.0
5,351,1,5,72,0,6,69,2,103,15.6,899.0
1,612,1,2,117,5,16,77,2,5,15.6,549.99
4,6,1,4,12,0,6,11,4,15,15.6,805.99
1,613,2,4,30,3,7,15,2,144,11.6,209.0
3,614,1,4,44,2,4,36,2,8,15.6,720.32
5,615,4,7,44,2,0,9,2,35,14.0,638.0
5,404,4,30,44,1,3,9,2,6,13.3,1499.0
5,342,1,4,85,3,10,20,2,46,14.0,229.0
1,616,1,4,44,5,6,101,2,95,15.6,764.0
3,617,1,4,85,2,4,20,2,8,15.6,369.0
